[
  {
    "id": "dd5bb7c1-5fb8-42ef-9ddb-d5cbb337509a",
    "data": [
      {
        "text": "order",
        "userDefined": false
      }
    ],
    "isTemplate": false,
    "count": 0,
    "updated": 1536212376
  },
  {
    "id": "07cd9416-9292-4916-a399-a64b0bd80bef",
    "data": [
      {
        "text": "order it",
        "userDefined": false
      }
    ],
    "isTemplate": false,
    "count": 0,
    "updated": 1536212376
  },
  {
    "id": "f90db903-b2a5-4c60-a9c2-ad446258b72e",
    "data": [
      {
        "text": "give the bill",
        "userDefined": false
      }
    ],
    "isTemplate": false,
    "count": 0,
    "updated": 1536212376
  },
  {
    "id": "ea29a5a6-ec59-4503-a149-62760907c2d9",
    "data": [
      {
        "text": "deliver me",
        "userDefined": false
      }
    ],
    "isTemplate": false,
    "count": 0,
    "updated": 1536212376
  },
  {
    "id": "4e2e3adf-0961-430b-bb61-68d393338e9d",
    "data": [
      {
        "text": "place order",
        "userDefined": false
      }
    ],
    "isTemplate": false,
    "count": 0,
    "updated": 1536212376
  },
  {
    "id": "ef70e1d1-96eb-40f6-8307-fd9bbbf945de",
    "data": [
      {
        "text": "checkout",
        "userDefined": false
      }
    ],
    "isTemplate": false,
    "count": 0,
    "updated": 1536212376
  }
]