[
  {
    "id": "4694e2b2-114e-4ada-a6ec-ac1d0767160c",
    "data": [
      {
        "text": "cart clear",
        "userDefined": false
      }
    ],
    "isTemplate": false,
    "count": 0,
    "updated": 1536211792
  },
  {
    "id": "9c5a88e4-ddc5-42c3-8a88-fa28a173b08b",
    "data": [
      {
        "text": "clear all from cart",
        "userDefined": false
      }
    ],
    "isTemplate": false,
    "count": 0,
    "updated": 1536211792
  },
  {
    "id": "f0879895-2326-49c8-94d7-01d506716555",
    "data": [
      {
        "text": "clear cart",
        "userDefined": false
      }
    ],
    "isTemplate": false,
    "count": 0,
    "updated": 1536211792
  },
  {
    "id": "fab90aa4-a34b-4ba7-84b2-2d09ffe81d3a",
    "data": [
      {
        "text": "clear all items from my cart",
        "userDefined": false
      }
    ],
    "isTemplate": false,
    "count": 0,
    "updated": 1536211792
  },
  {
    "id": "f66e4f0f-eded-422b-ba94-34e51ed89ad7",
    "data": [
      {
        "text": "destroy cart",
        "userDefined": false
      }
    ],
    "isTemplate": false,
    "count": 0,
    "updated": 1536211792
  },
  {
    "id": "386962c3-6392-4f1e-8e18-46feb2251cc5",
    "data": [
      {
        "text": "dispose cart",
        "userDefined": false
      }
    ],
    "isTemplate": false,
    "count": 0,
    "updated": 1536211792
  },
  {
    "id": "52ab405a-3e5a-4a29-aef1-e1ac8153bef5",
    "data": [
      {
        "text": "remove all from cart",
        "userDefined": false
      }
    ],
    "isTemplate": false,
    "count": 0,
    "updated": 1536211792
  },
  {
    "id": "c4af72fe-e81f-4142-943d-1a02dea2f845",
    "data": [
      {
        "text": "Delete the cart",
        "userDefined": false
      }
    ],
    "isTemplate": false,
    "count": 0,
    "updated": 1536211792
  }
]