[
  {
    "id": "0d677ea8-b732-4da6-aa6c-7c76b939ef06",
    "data": [
      {
        "text": "what is the stock you have",
        "userDefined": false
      }
    ],
    "isTemplate": false,
    "count": 0,
    "updated": 1536217776
  },
  {
    "id": "221406be-99e7-4e57-b2b7-9461c0e456b8",
    "data": [
      {
        "text": "get stock",
        "userDefined": false
      }
    ],
    "isTemplate": false,
    "count": 0,
    "updated": 1536077854
  },
  {
    "id": "c12a5ec4-18e4-4394-8ee7-989275a644ba",
    "data": [
      {
        "text": "List stock",
        "userDefined": false
      }
    ],
    "isTemplate": false,
    "count": 0,
    "updated": 1536077621
  }
]