[
  {
    "id": "3a03ed1e-8e62-41e4-b72c-ff19888c36c0",
    "data": [
      {
        "text": "delete ",
        "userDefined": false
      },
      {
        "text": "3",
        "alias": "quantity",
        "meta": "@sys.number",
        "userDefined": false
      },
      {
        "text": " ",
        "userDefined": false
      },
      {
        "text": "crocin",
        "alias": "medicine",
        "meta": "@medicine",
        "userDefined": false
      },
      {
        "text": " in cart",
        "userDefined": false
      }
    ],
    "isTemplate": false,
    "count": 0,
    "updated": 1536211241
  },
  {
    "id": "76cc6220-debe-4ee6-9a16-9e72df1d259f",
    "data": [
      {
        "text": "remove ",
        "userDefined": false
      },
      {
        "text": "1",
        "alias": "quantity",
        "meta": "@sys.number",
        "userDefined": true
      },
      {
        "text": " ",
        "userDefined": false
      },
      {
        "text": "crocin",
        "alias": "medicine",
        "meta": "@medicine",
        "userDefined": true
      },
      {
        "text": " in cart",
        "userDefined": false
      }
    ],
    "isTemplate": false,
    "count": 0,
    "updated": 1536211241
  },
  {
    "id": "0f5006f8-7bdb-4a86-bc8d-73824642be4f",
    "data": [
      {
        "text": "reduce cart",
        "userDefined": false
      }
    ],
    "isTemplate": false,
    "count": 0,
    "updated": 1536211241
  },
  {
    "id": "8da9a37a-3098-4400-a3c0-df11fd9ab9c2",
    "data": [
      {
        "text": "reduce ",
        "userDefined": false
      },
      {
        "text": "12",
        "alias": "quantity",
        "meta": "@sys.number",
        "userDefined": false
      },
      {
        "text": " ",
        "userDefined": false
      },
      {
        "text": "crocin",
        "alias": "medicine",
        "meta": "@medicine",
        "userDefined": false
      },
      {
        "text": " from cart",
        "userDefined": false
      }
    ],
    "isTemplate": false,
    "count": 0,
    "updated": 1536211241
  }
]