[
  {
    "id": "2c207611-5074-4ae0-90b1-ee35ce29ff38",
    "data": [
      {
        "text": "clear this medicine from cart",
        "userDefined": false
      }
    ],
    "isTemplate": false,
    "count": 0,
    "updated": 1536211602
  },
  {
    "id": "3e42143f-18c1-4b35-abe7-2cff1f83b905",
    "data": [
      {
        "text": "take out  from cart",
        "userDefined": false
      }
    ],
    "isTemplate": false,
    "count": 0,
    "updated": 1536211602
  },
  {
    "id": "7c1adf06-ba1f-4e9b-9442-cb543b48e80c",
    "data": [
      {
        "text": "remove medicine from cart",
        "userDefined": false
      }
    ],
    "isTemplate": false,
    "count": 0,
    "updated": 1536211602
  },
  {
    "id": "c22e7cef-c2a1-4d43-8627-7789884e5e56",
    "data": [
      {
        "text": "remove ",
        "userDefined": false
      },
      {
        "text": "crocin",
        "alias": "medicine",
        "meta": "@medicine",
        "userDefined": false
      },
      {
        "text": " from cart",
        "userDefined": false
      }
    ],
    "isTemplate": false,
    "count": 0,
    "updated": 1536211602
  }
]