[
  {
    "id": "da2db92d-73f3-4e46-a311-29e84aa555eb",
    "data": [
      {
        "text": "show me what i got in my cart",
        "userDefined": false
      }
    ],
    "isTemplate": false,
    "count": 0,
    "updated": 1536296867
  },
  {
    "id": "6303d789-0895-4713-a15c-f1f5cce680aa",
    "data": [
      {
        "text": "what items are in cart",
        "userDefined": false
      }
    ],
    "isTemplate": false,
    "count": 0,
    "updated": 1536160465
  },
  {
    "id": "0396ba29-0c05-4c14-a3af-3e7bdf1bb256",
    "data": [
      {
        "text": "list cart",
        "userDefined": false
      }
    ],
    "isTemplate": false,
    "count": 0,
    "updated": 1536160465
  },
  {
    "id": "2a1b45d1-1844-43ae-9bc9-a50b9062748e",
    "data": [
      {
        "text": "cart",
        "userDefined": false
      }
    ],
    "isTemplate": false,
    "count": 0,
    "updated": 1536160465
  },
  {
    "id": "d7f23304-5201-40be-98c4-6f68f33659fc",
    "data": [
      {
        "text": "display cart",
        "userDefined": false
      }
    ],
    "isTemplate": false,
    "count": 0,
    "updated": 1536160465
  },
  {
    "id": "84f402e5-a887-4d43-b808-b6f1ce26ec7f",
    "data": [
      {
        "text": "show cart",
        "userDefined": false
      }
    ],
    "isTemplate": false,
    "count": 0,
    "updated": 1536160465
  }
]