[
  {
    "id": "2109d716-329a-47a6-95e3-b64ff397614e",
    "data": [
      {
        "text": "what do you do",
        "userDefined": false
      }
    ],
    "isTemplate": false,
    "count": 1,
    "updated": 1536297257
  },
  {
    "id": "e7859ede-2071-4c15-b6f7-cd84f68ecf65",
    "data": [
      {
        "text": "what is your job",
        "userDefined": false
      }
    ],
    "isTemplate": false,
    "count": 0,
    "updated": 1536294996
  },
  {
    "id": "cd4cdfe8-5f61-4222-a5da-5145a4523a32",
    "data": [
      {
        "text": "who are you",
        "userDefined": false
      }
    ],
    "isTemplate": false,
    "count": 0,
    "updated": 1536294996
  },
  {
    "id": "953a127d-0cce-4020-bde2-6b019ed8e0c5",
    "data": [
      {
        "text": "i need help",
        "userDefined": false
      }
    ],
    "isTemplate": false,
    "count": 0,
    "updated": 1536294996
  },
  {
    "id": "4fd94370-7f95-48eb-8814-7e9ed2b3a95a",
    "data": [
      {
        "text": "help me",
        "userDefined": false
      }
    ],
    "isTemplate": false,
    "count": 0,
    "updated": 1536294996
  },
  {
    "id": "1709de38-ebf0-4c68-b79c-a15310afb8bf",
    "data": [
      {
        "text": "what can you do",
        "userDefined": false
      }
    ],
    "isTemplate": false,
    "count": 0,
    "updated": 1536294996
  }
]